<?xml version="1.0" encoding="UTF-8"?>
<l:dependencies xmlns:l='licenses' groupId='org.jenkins-ci.plugins' artifactId='publish-over-ssh' version='1.22'><l:dependency name='Publish Over SSH' groupId='org.jenkins-ci.plugins' artifactId='publish-over-ssh' version='1.22' url='https://github.com/jenkinsci/publish-over-ssh-plugin'><l:description>Send build artifacts over SSH</l:description><l:license name='The MIT license' url=''/></l:dependency><l:dependency name='EdDSA-Java' groupId='net.i2p.crypto' artifactId='eddsa' version='0.3.0' url='https://github.com/str4d/ed25519-java'><l:description>Implementation of EdDSA in Java</l:description><l:license name='CC0 1.0 Universal' url='https://creativecommons.org/publicdomain/zero/1.0/'/></l:dependency></l:dependencies>